Train/1.jpg;1
Train/2.jpg;1
Train/3.jpg;1
Train/4.jpg;1
Train/5.jpg;1
Train/6.jpg;1
Train/7.jpg;1
Train/8.jpg;1
Train/9.jpg;1
Train/10.jpg;1
Train/11.jpg;1
Train/12.jpg;1
Train/13.jpg;1
Train/14.jpg;1
Train/15.jpg;1
Train/16.jpg;1
Train/17.jpg;1
Train/s1/1.pgm;2
Train/s1/2.pgm;2
Train/s1/3.pgm;2
Train/s1/4.pgm;2
Train/s2/1.pgm;2
Train/s2/2.pgm;2
Train/s2/3.pgm;2
Train/s2/4.pgm;2
Train/s3/1.pgm;2
Train/s3/2.pgm;2
Train/s3/3.pgm;2
Train/s3/4.pgm;2
Train/s8/1.pgm;2
Train/s8/2.pgm;2
Train/s8/3.pgm;2
Train/s8/4.pgm;2
Train/s10/1.pgm;2
Train/s10/2.pgm;2
Train/s10/3.pgm;2
Train/s10/4.pgm;2
Train/s12/1.pgm;2
Train/s12/2.pgm;2
Train/s12/3.pgm;2
Train/s12/4.pgm;2
